Workbook

Sheet Start Here
B2: TRADE JOURNAL PRO
B3: Track every trade. Know your real edge.
B6: HOW IT WORKS
B7: 1. Go to the TRADE LOG tab and enter your trades in the yellow columns.
B8: 2. Everything else fills in automatically — P&L, R-multiple, win/loss.
B9: 3. The DASHBOARD tab shows your live stats: win rate, expectancy, profit factor, equity curve.
B10: 4. Use the RISK CALCULATOR to size every position before you enter.
B12: COLOR KEY
B13: Yellow cells = you type here
B14: White cells = calculated automatically — don't touch
B16: THE ONLY 3 NUMBERS THAT MATTER
B17: Win Rate — how often you're right
... B22: This is a tracking tool, not financial advice. Trading involves risk of loss.

Sheet Trade Log
A1: # | B1: Date | C1: Ticker | D1: Direction | E1: Setup | F1: Shares | G1: Entry $ | H1: Exit $ | I1: Stop $ | J1: Fees $ | K1: P&L $ | L1: P&L % | M1: R | N1: Result | O1: Cumulative P&L | P1: Notes
A2: 1 | K2: =IF($G2="","",(IF($D2="Short",$G2-$H2,$H2-$G2)*$F2)-IF($J2="",0,$J2)) | L2: =IF(OR($G2="",$H2=""),"",$K2/($G2*$F2)) | M2: =IF(OR($G2="",$I2="",$G2=$I2),"",$K2/(ABS($G2-$I2)*$F2)) | N2: =IF($K2="","",IF($K2>0,"Win",IF($K2<0,"Loss","BE"))) | O2: =IF($K2="","",SUMIF($K$2:$K2,"<>"))
A3: 2 | K3: =IF($G3="","",(IF($D3="Short",$G3-$H3,$H3-$G3)*$F3)-IF($J3="",0,$J3)) | L3: =IF(OR($G3="",$H3=""),"",$K3/($G3*$F3)) | M3: =IF(OR($G3="",$I3="",$G3=$I3),"",$K3/(ABS($G3-$I3)*$F3)) | N3: =IF($K3="","",IF($K3>0,"Win",IF($K3<0,"Loss","BE"))) | O3: =IF($K3="","",SUMIF($K$2:$K3,"<>"))
A4: 3 | K4: =IF($G4="","",(IF($D4="Short",$G4-$H4,$H4-$G4)*$F4)-IF($J4="",0,$J4)) | L4: =IF(OR($G4="",$H4=""),"",$K4/($G4*$F4)) | M4: =IF(OR($G4="",$I4="",$G4=$I4),"",$K4/(ABS($G4-$I4)*$F4)) | N4: =IF($K4="","",IF($K4>0,"Win",IF($K4<0,"Loss","BE"))) | O4: =IF($K4="","",SUMIF($K$2:$K4,"<>"))
A5: 4 | K5: =IF($G5="","",(IF($D5="Short",$G5-$H5,$H5-$G5)*$F5)-IF($J5="",0,$J5)) | L5: =IF(OR($G5="",$H5=""),"",$K5/($G5*$F5)) | M5: =IF(OR($G5="",$I5="",$G5=$I5),"",$K5/(ABS($G5-$I5)*$F5)) | N5: =IF($K5="","",IF($K5>0,"Win",IF($K5<0,"Loss","BE"))) | O5: =IF($K5="","",SUMIF($K$2:$K5,"<>"))
A6: 5 | K6: =IF($G6="","",(IF($D6="Short",$G6-$H6,$H6-$G6)*$F6)-IF($J6="",0,$J6)) | L6: =IF(OR($G6="",$H6=""),"",$K6/($G6*$F6)) | M6: =IF(OR($G6="",$I6="",$G6=$I6),"",$K6/(ABS($G6-$I6)*$F6)) | N6: =IF($K6="","",IF($K6>0,"Win",IF($K6<0,"Loss","BE"))) | O6: =IF($K6="","",SUMIF($K$2:$K6,"<>"))
A7: 6 | K7: =IF($G7="","",(IF($D7="Short",$G7-$H7,$H7-$G7)*$F7)-IF($J7="",0,$J7)) | L7: =IF(OR($G7="",$H7=""),"",$K7/($G7*$F7)) | M7: =IF(OR($G7="",$I7="",$G7=$I7),"",$K7/(ABS($G7-$I7)*$F7)) | N7: =IF($K7="","",IF($K7>0,"Win",IF($K7<0,"Loss","BE"))) | O7: =IF($K7="","",SUMIF($K$2:$K7,"<>"))
A8: 7 | K8: =IF($G8="","",(IF($D8="Short",$G8-$H8,$H8-$G8)*$F8)-IF($J8="",0,$J8)) | L8: =IF(OR($G8="",$H8=""),"",$K8/($G8*$F8)) | M8: =IF(OR($G8="",$I8="",$G8=$I8),"",$K8/(ABS($G8-$I8)*$F8)) | N8: =IF($K8="","",IF($K8>0,"Win",IF($K8<0,"Loss","BE"))) | O8: =IF($K8="","",SUMIF($K$2:$K8,"<>"))
A9: 8 | K9: =IF($G9="","",(IF($D9="Short",$G9-$H9,$H9-$G9)*$F9)-IF($J9="",0,$J9)) | L9: =IF(OR($G9="",$H9=""),"",$K9/($G9*$F9)) | M9: =IF(OR($G9="",$I9="",$G9=$I9),"",$K9/(ABS($G9-$I9)*$F9)) | N9: =IF($K9="","",IF($K9>0,"Win",IF($K9<0,"Loss","BE"))) | O9: =IF($K9="","",SUMIF($K$2:$K9,"<>"))
A10: 9 | K10: =IF($G10="","",(IF($D10="Short",$G10-$H10,$H10-$G10)*$F10)-IF($J10="",0,$J10)) | L10: =IF(OR($G10="",$H10=""),"",$K10/($G10*$F10)) | M10: =IF(OR($G10="",$I10="",$G10=$I10),"",$K10/(ABS($G10-$I10)*$F10)) | N10: =IF($K10="","",IF($K10>0,"Win",IF($K10<0,"Loss","BE"))) | O10: =IF($K10="","",SUMIF($K$2:$K10,"<>"))
A11: 10 | K11: =IF($G11="","",(IF($D11="Short",$G11-$H11,$H11-$G11)*$F11)-IF($J11="",0,$J11)) | L11: =IF(OR($G11="",$H11=""),"",$K11/($G11*$F11)) | M11: =IF(OR($G11="",$I11="",$G11=$I11),"",$K11/(ABS($G11-$I11)*$F11)) | N11: =IF($K11="","",IF($K11>0,"Win",IF($K11<0,"Loss","BE"))) | O11: =IF($K11="","",SUMIF($K$2:$K11,"<>"))
A12: 11 | K12: =IF($G12="","",(IF($D12="Short",$G12-$H12,$H12-$G12)*$F12)-IF($J12="",0,$J12)) | L12: =IF(OR($G12="",$H12=""),"",$K12/($G12*$F12)) | M12: =IF(OR($G12="",$I12="",$G12=$I12),"",$K12/(ABS($G12-$I12)*$F12)) | N12: =IF($K12="","",IF($K12>0,"Win",IF($K12<0,"Loss","BE"))) | O12: =IF($K12="","",SUMIF($K$2:$K12,"<>"))
A13: 12 | K13: =IF($G13="","",(IF($D13="Short",$G13-$H13,$H13-$G13)*$F13)-IF($J13="",0,$J13)) | L13: =IF(OR($G13="",$H13=""),"",$K13/($G13*$F13)) | M13: =IF(OR($G13="",$I13="",$G13=$I13),"",$K13/(ABS($G13-$I13)*$F13)) | N13: =IF($K13="","",IF($K13>0,"Win",IF($K13<0,"Loss","BE"))) | O13: =IF($K13="","",SUMIF($K$2:$K13,"<>"))
... A101: 100 | K101: =IF($G101="","",(IF($D101="Short",$G101-$H101,$H101-$G101)*$F101)-IF($J101="",0,$J101)) | L101: =IF(OR($G101="",$H101=""),"",$K101/($G101*$F101)) | M101: =IF(OR($G101="",$I101="",$G101=$I101),"",$K101/(ABS($G101-$I101)*$F101)) | N101: =IF($K101="","",IF($K101>0,"Win",IF($K101<0,"Loss","BE"))) | O101: =IF($K101="","",SUMIF($K$2:$K101,"<>"))

Sheet Dashboard
B2: PERFORMANCE DASHBOARD
B4: KEY METRICS | E4: EDGE METRICS
B5: Total Trades | C5: =COUNT('Trade Log'!$K$2:$K$101) -> 0 | E5: Gross Profit | F5: =SUMIF('Trade Log'!$K$2:$K$101,">0") -> 0
B6: Wins | C6: =COUNTIF('Trade Log'!$N$2:$N$101,"Win") -> 0 | E6: Gross Loss | F6: =SUMIF('Trade Log'!$K$2:$K$101,"<0") -> 0
B7: Losses | C7: =COUNTIF('Trade Log'!$N$2:$N$101,"Loss") -> 0 | E7: Profit Factor | F7: =IF(SUMIF('Trade Log'!$K$2:$K$101,"<0")=0,"—",-SUMIF('Trade Log'!$K$2:$K$101,">0")/SUMIF('Trade Log'!$K$2:$K$101,"<0")) -> —
B8: Win Rate | C8: =IF(C5=0,0,(C6+COUNTIF('Trade Log'!$N$2:$N$101,"BE")*0)/C5) -> 0 | E8: Avg Win | F8: =IFERROR(AVERAGEIF('Trade Log'!$K$2:$K$101,">0"),0) -> 0
B9: Total Net P&L | C9: =SUM('Trade Log'!$K$2:$K$101) -> 0 | E9: Avg Loss | F9: =IFERROR(AVERAGEIF('Trade Log'!$K$2:$K$101,"<0"),0) -> 0
B10: Avg P&L / Trade (Expectancy) | C10: =IF(C5=0,0,C9/C5) -> 0 | E10: Win/Loss Ratio | F10: =IF(IFERROR(AVERAGEIF('Trade Log'!$K$2:$K$101,"<0"),0)=0,"—",-IFERROR(AVERAGEIF('Trade Log'!$K$2:$K$101,">0"),0)/AVERAGEIF('Trade Log'!$K$2:$K$101,"<0")) -> —
B11: Avg R per Trade | C11: =IF(COUNT('Trade Log'!$M$2:$M$101)=0,0,AVERAGE('Trade Log'!$M$2:$M$101)) -> 0 | E11: Total Fees Paid | F11: =SUM('Trade Log'!$J$2:$J$101) -> 0
B13: BY SETUP (type your setup names) | E13: Best / Worst
B14: Setup | C14: Trades | D14: Net P&L | E14: Win % | F14: =IF(C5=0,0,MAX('Trade Log'!$K$2:$K$101)) -> 0
B15: Breakout | C15: =IF($B15="","",COUNTIFS('Trade Log'!$E$2:$E$101,$B15,'Trade Log'!$K$2:$K$101,"<>")) -> 0 | D15: =IF($B15="","",SUMIF('Trade Log'!$E$2:$E$101,$B15,'Trade Log'!$K$2:$K$101)) -> 0 | E15: =IF(OR($B15="",$C15=0),"",COUNTIFS('Trade Log'!$E$2:$E$101,$B15,'Trade Log'!$N$2:$N$101,"Win")/$C15) | F15: =IF(C5=0,0,MIN('Trade Log'!$K$2:$K$101)) -> 0
B16: Gap n Go | C16: =IF($B16="","",COUNTIFS('Trade Log'!$E$2:$E$101,$B16,'Trade Log'!$K$2:$K$101,"<>")) -> 0 | D16: =IF($B16="","",SUMIF('Trade Log'!$E$2:$E$101,$B16,'Trade Log'!$K$2:$K$101)) -> 0 | E16: =IF(OR($B16="",$C16=0),"",COUNTIFS('Trade Log'!$E$2:$E$101,$B16,'Trade Log'!$N$2:$N$101,"Win")/$C16)
B17: Reversal | C17: =IF($B17="","",COUNTIFS('Trade Log'!$E$2:$E$101,$B17,'Trade Log'!$K$2:$K$101,"<>")) -> 0 | D17: =IF($B17="","",SUMIF('Trade Log'!$E$2:$E$101,$B17,'Trade Log'!$K$2:$K$101)) -> 0 | E17: =IF(OR($B17="",$C17=0),"",COUNTIFS('Trade Log'!$E$2:$E$101,$B17,'Trade Log'!$N$2:$N$101,"Win")/$C17)
B18: Pullback | C18: =IF($B18="","",COUNTIFS('Trade Log'!$E$2:$E$101,$B18,'Trade Log'!$K$2:$K$101,"<>")) -> 0 | D18: =IF($B18="","",SUMIF('Trade Log'!$E$2:$E$101,$B18,'Trade Log'!$K$2:$K$101)) -> 0 | E18: =IF(OR($B18="",$C18=0),"",COUNTIFS('Trade Log'!$E$2:$E$101,$B18,'Trade Log'!$N$2:$N$101,"Win")/$C18)
C19: =IF($B19="","",COUNTIFS('Trade Log'!$E$2:$E$101,$B19,'Trade Log'!$K$2:$K$101,"<>")) | D19: =IF($B19="","",SUMIF('Trade Log'!$E$2:$E$101,$B19,'Trade Log'!$K$2:$K$101)) | E19: =IF(OR($B19="",$C19=0),"",COUNTIFS('Trade Log'!$E$2:$E$101,$B19,'Trade Log'!$N$2:$N$101,"Win")/$C19)
C20: =IF($B20="","",COUNTIFS('Trade Log'!$E$2:$E$101,$B20,'Trade Log'!$K$2:$K$101,"<>")) | D20: =IF($B20="","",SUMIF('Trade Log'!$E$2:$E$101,$B20,'Trade Log'!$K$2:$K$101)) | E20: =IF(OR($B20="",$C20=0),"",COUNTIFS('Trade Log'!$E$2:$E$101,$B20,'Trade Log'!$N$2:$N$101,"Win")/$C20)

Sheet Risk Calculator
B2: POSITION SIZE CALCULATOR
B3: Never risk more than you planned. Fill the yellow cells.
B5: INPUTS
B6: Account Size | C6: 10000
B7: Risk % per Trade | C7: 0.01
B8: Entry Price | C8: 8.15
B9: Stop Price | C9: 7.98
B11: RESULTS
B12: $ Risk per Trade | C12: =C6*C7 -> 100
B13: Risk per Share | C13: =ABS(C8-C9) -> 0.17
B14: SHARES TO BUY | C14: =IF(ABS(C8-C9)=0,0,ROUNDDOWN(C12/ABS(C8-C9),0)) -> 588
B15: Position Size ($) | C15: =C14*C8 -> 4792.2
B16: % of Account | C16: =IF(C6=0,0,C15/C6) -> 0.47922
B18: Rule of thumb: risk 1% or less per trade. If Position Size exceeds your buying power, lower share count.
